{
  "plugins": ["jest"],
  "extends": [
    "eslint:recommended",
    "plugin:@typescript-eslint/eslint-recommended",
    "plugin:@typescript-eslint/recommended",
    "plugin:@typescript-eslint/recommended-requiring-type-checking",
    "plugin:react/recommended",
    "plugin:jest/recommended",
    "plugin:jest/style",
    "prettier/@typescript-eslint",
    "prettier/react"
  ],
  "rules": {
    "@typescript-eslint/no-unsafe-return": "off",
    "@typescript-eslint/no-unsafe-assignment": "off",
    "@typescript-eslint/no-unsafe-call": "off",
    "@typescript-eslint/no-unsafe-member-access": "off"
  }
}
